"Naziv usluge";"Maloprodajna cijena (EUR)";"Poseban oblik prodaje (DA/NE)";"Naziv posebnog oblika prodaje";"Sidrena cijena (EUR)"
"Izvod utičnice -  do 15m trase";30,00;NE;;30,00
"Izvod prekidača - do 15m trase";30,00;NE;;30,00
"Izvod rasvijete - do 15m trase";30,00;NE;;30,00
"Izvod za uređaj - do 15m trase";40,00;NE;;40,00
"Premještanje postojećeg izvoda";40,00;NE;;40,00
"Razvodna kutija - izrada i spajanje";30,00;NE;;30,00
"Spajanje elektroormara";200,00;NE;;200,00
"Montaža rasvjetnog tijela";10,00;NE;;10,00
"Montaza elektroopreme";6,00;NE;;6,00
"Poseban priključak - bojler, indukcija i sl.";50,00;NE;;50,00
"Montaža punjača za električna vozila";100,00;NE;;100,00
"Servis i otklanjanje kvara";30,00;NE;;30,00
"Intervencije noću i vikendom";60,00;NE;;60,00
"Sat električara";30,00;NE;;30,00