"Naziv usluge";"Aktualna cjena (EUR)";"Poseban oblik prodaje (DA/NE)";"Naziv posebnog oblika prodaje";"Sidrena cjena (EUR) – na dan 10.9.2026."
"Izvod utičnice – do 15 m trase";30,00;NE;;30,00
"Izvod prekidača – do 15 m trase";30,00;NE;;30,00
"Izvod rasvjete – do 15 m trase";30,00;NE;;30,00
"Izvod za uređaj – do 15 m trase";40,00;NE;;40,00
"Premještanje postojećeg izvoda";40,00;NE;;40,00
"Razvodna kutija – izrada i spajanje";30,00;NE;;30,00
"Spajanje elektroormara";150,00;NE;;150,00
"Montaža rasvjetnog tijela";10,00;NE;;10,00
"Montaža elektroopreme";10,00;NE;;10,00
"Posebni priključak – bojler, indukcija i sl.";50,00;NE;;50,00
"Montaža punjača za električna vozila";100,00;NE;;100,00
"Sat električara";30,00;NE;;30,00
"Servis i otklanjanje kvara";30,00;NE;;30,00
"Intervencije noću i vikendom";60,00;NE;;60,00
